easy,medium,complex
language learning software,teach me to speak Spanish,phrases to learn for a trip to Spain
mahjong game,chinese game with rectangular blocks,game with pung and chow
antivirus software,get rid of computer viruses,how do I keep my computer safe
TurboTax 2022,file taxes for the year,prepare T3 and T4 forms for 2022
sibelius,software for writing music,how to write songs on a computer
sesame street game,educational game for children,what game can teach kids how to count
match 3 games,puzzle game on the phone,match 3 game I can play offline without a timer
notes app,notebook for storing writing,good application for taking notes on physics
Google Maps,app for navigating cities,navigation app with real time traffic updates
news on technology,learn about the latest tech innovations,what is the best source of information on AI
